,total bpp,total psnr,total ms-ssim,data01 bpp,data01 psnr,data01 ms-ssim,data02 bpp,data02 psnr,data02 ms-ssim,data03 bpp,data03 psnr,data03 ms-ssim,data04 bpp,data04 psnr,data04 ms-ssim
q00_048,1.605712890625,29.85490221109524,0.9747184664011002,2.2705078125,25.855867336813986,0.9809810519218445,0.39599609375,36.82961171140452,0.9700011014938354,1.2138671875,28.11388889241997,0.9724713563919067,2.54248046875,28.62024090374248,0.975420355796814
q00_047,1.604736328125,29.854898414318676,0.9747184216976166,2.26953125,25.855852149707733,0.9809808731079102,0.39501953125,36.82961171140452,0.9700011014938354,1.212890625,28.11388889241997,0.9724713563919067,2.54150390625,28.62024090374248,0.975420355796814
q00_046,1.603759765625,29.854822393218583,0.9747179448604584,2.2685546875,25.855859159134788,0.9809808135032654,0.39404296875,36.82961171140452,0.9700011014938354,1.2119140625,28.11357779859254,0.9724695086479187,2.54052734375,28.62024090374248,0.975420355796814
q00_045,1.6021728515625,29.854514901819087,0.9747173488140106,2.26513671875,25.854367185098376,0.9809686541557312,0.39306640625,36.82961171140452,0.9700011014938354,1.2109375,28.11380080148508,0.9724794626235962,2.53955078125,28.62027990928837,0.9754201769828796
q00_044,1.59716796875,29.852675371087038,0.9747064709663391,2.2568359375,25.85022878418983,0.98094642162323,0.39208984375,36.82961171140452,0.9700011014938354,1.2099609375,28.11380080148508,0.9724794626235962,2.52978515625,28.617060187268713,0.9753988981246948
q00_043,1.589599609375,29.850797120453215,0.9746924340724945,2.244140625,25.84585926368256,0.9809085726737976,0.39111328125,36.82961171140452,0.9700011014938354,1.208984375,28.11380080148508,0.9724794626235962,2.51416015625,28.613916705240705,0.9753805994987488
q00_042,1.5804443359375,29.84551934124662,0.9746846705675125,2.22900390625,25.834426662167044,0.9808683395385742,0.39013671875,36.82961171140452,0.9700011014938354,1.2080078125,28.11389216721036,0.9724823832511902,2.49462890625,28.60414682420457,0.9753868579864502
q00_041,1.5704345703125,29.84080792433611,0.9746641963720322,2.21142578125,25.827450754033052,0.9808306694030762,0.38916015625,36.82961171140452,0.9700011014938354,1.20703125,28.11389216721036,0.9724823832511902,2.47412109375,28.59227706469651,0.9753426313400269
q00_040,1.56005859375,29.833668843575147,0.9746123552322388,2.19287109375,25.81958885757321,0.9807800650596619,0.38818359375,36.82961171140452,0.9700011014938354,1.2060546875,28.11389216721036,0.9724823832511902,2.453125,28.571582638112496,0.9751858711242676
q00_039,1.5491943359375,29.826080540825153,0.9745542854070663,2.17333984375,25.806882634696713,0.9806968569755554,0.38720703125,36.82961171140452,0.9700011014938354,1.205078125,28.11389216721036,0.9724823832511902,2.43115234375,28.55393564998903,0.9750367999076843
q00_038,1.53759765625,29.82050097079682,0.9745176583528519,2.15185546875,25.80000807505709,0.9806174039840698,0.38623046875,36.82961171140452,0.9700011014938354,1.2041015625,28.11389216721036,0.9724823832511902,2.408203125,28.53849192951532,0.974969744682312
q00_037,1.5257568359375,29.815790491903694,0.9744956493377686,2.13037109375,25.79533813859379,0.9805413484573364,0.38525390625,36.82961171140452,0.9700011014938354,1.20263671875,28.113824379552753,0.9724797010421753,2.384765625,28.52438773806371,0.974960446357727
q00_036,1.5135498046875,29.809247686101568,0.9744342118501663,2.10791015625,25.786680889504623,0.9804344177246094,0.38427734375,36.82961171140452,0.9700011014938354,1.201171875,28.11377493125255,0.9724826216697693,2.36083984375,28.50692321224459,0.9748187065124512
q00_035,1.50146484375,29.804277111108263,0.9744235873222351,2.08544921875,25.77901442860203,0.9803656339645386,0.38330078125,36.83004846513925,0.9699954986572266,1.2001953125,28.113707800355275,0.9724830389022827,2.3369140625,28.494337750336495,0.9748501777648926
q00_034,1.4892578125,29.796459430856203,0.9743855148553848,2.06298828125,25.769574507879568,0.9802557826042175,0.38232421875,36.83004846513925,0.9699954986572266,1.19873046875,28.11544928225898,0.9725816249847412,2.31298828125,28.470765468147015,0.974709153175354
q00_033,1.476806640625,29.791097492687115,0.9743548035621643,2.0400390625,25.76121530633687,0.9801759719848633,0.38134765625,36.83004846513925,0.9699954986572266,1.1962890625,28.119620934670483,0.972655177116394,2.28955078125,28.45350526460186,0.9745925664901733
q00_032,1.4639892578125,29.785810703853652,0.9743411689996719,2.0166015625,25.755219169359055,0.9800843000411987,0.38037109375,36.83004846513925,0.9699954986572266,1.19384765625,28.11892385092923,0.972644031047821,2.26513671875,28.439051329987063,0.9746408462524414
q00_031,1.4508056640625,29.777722865473116,0.9742879420518875,1.99267578125,25.748231337674614,0.9800209403038025,0.37939453125,36.83004846513925,0.9699954986572266,1.1904296875,28.120571981927327,0.9726607799530029,2.24072265625,28.412039677151263,0.9744745492935181
q00_030,1.437255859375,29.772237682649816,0.9742457270622253,1.96875,25.740063224600462,0.9799309968948364,0.37841796875,36.83004846513925,0.9699954986572266,1.185546875,28.125348075270125,0.972692608833313,2.21630859375,28.39349096558943,0.9743638038635254
q00_029,1.4234619140625,29.766171426916316,0.9742215722799301,1.94482421875,25.725753546315396,0.9798352718353271,0.37744140625,36.83004846513925,0.9699954986572266,1.1796875,28.130225409999383,0.9727150797843933,2.19189453125,28.37865828621123,0.9743404388427734
q00_028,1.409423828125,29.760311177741393,0.9742166548967361,1.9208984375,25.71312219695837,0.9797295928001404,0.37646484375,36.83004846513925,0.9699954986572266,1.17333984375,28.13543337441523,0.9727651476860046,2.1669921875,28.36264067445272,0.974376380443573
q00_027,1.39453125,29.752713262166964,0.9741716384887695,1.89599609375,25.695460695477067,0.979610800743103,0.37548828125,36.83004846513925,0.9699954986572266,1.16455078125,28.146153448790546,0.9728102087974548,2.14208984375,28.339190439260985,0.9742700457572937
q00_026,1.3792724609375,29.749068821692248,0.9741769433021545,1.87109375,25.684593431950088,0.9795250296592712,0.37451171875,36.83004846513925,0.9699954986572266,1.154296875,28.154319404595377,0.9728792905807495,2.1171875,28.32731398508428,0.9743079543113708
q00_025,1.3638916015625,29.744470017824792,0.9741352200508118,1.8466796875,25.67974337555047,0.9794625043869019,0.37353515625,36.83004846513925,0.9699954986572266,1.14306640625,28.157978390610324,0.9728425741195679,2.09228515625,28.31010983999913,0.9742403030395508
q00_024,1.3486328125,29.73550691177396,0.974097728729248,1.822265625,25.669627075214706,0.9794055819511414,0.37255859375,36.83004846513925,0.9699954986572266,1.13232421875,28.15680049888411,0.9728180170059204,2.0673828125,28.285551607857773,0.9741718173027039
q00_023,1.3326416015625,29.73358716959003,0.9741088449954987,1.7978515625,25.661592673350114,0.979426383972168,0.37158203125,36.83004846513925,0.9699954986572266,1.119140625,28.167293358706917,0.9728788137435913,2.0419921875,28.275414181163843,0.9741346836090088
q00_022,1.31640625,29.72920065014305,0.9741171449422836,1.77294921875,25.647061509285066,0.9793707728385925,0.37060546875,36.83004846513925,0.9699954986572266,1.10498046875,28.17444007617435,0.9729490280151367,2.01708984375,28.265252549973525,0.9741532802581787
q00_021,1.2999267578125,29.720841138801482,0.9740687608718872,1.748046875,25.631842028396004,0.9793524146080017,0.36962890625,36.83004846513925,0.9699954986572266,1.09033203125,28.182203327166366,0.9729527831077576,1.99169921875,28.239270734504313,0.973974347114563
q00_020,1.2830810546875,29.71100368103451,0.9740280658006668,1.72314453125,25.623658625502237,0.9792923331260681,0.36865234375,36.83004846513925,0.9699954986572266,1.07373046875,28.183880644935154,0.9729837775230408,1.966796875,28.20642698856139,0.9738406538963318
q00_019,1.2657470703125,29.70319979959934,0.9739812910556793,1.6982421875,25.61346352995443,0.9792376756668091,0.36767578125,36.83004846513925,0.9699954986572266,1.0556640625,28.187245218517138,0.9729729890823364,1.94140625,28.18204198478654,0.9737190008163452
q00_018,1.2481689453125,29.69756165230011,0.9739291220903397,1.6728515625,25.59993362510562,0.9791921377182007,0.36669921875,36.83004846513925,0.9699954986572266,1.037109375,28.198192944066744,0.9730016589164734,1.916015625,28.16207157488883,0.973527193069458
q00_017,1.2301025390625,29.69661987563878,0.973895475268364,1.64794921875,25.600467095226556,0.9791485071182251,0.36572265625,36.83004846513925,0.9699954986572266,1.01611328125,28.213541944644795,0.972990870475769,1.890625,28.142421997544517,0.9734470248222351
q00_016,1.2120361328125,29.694058394029675,0.9738825857639313,1.623046875,25.604119802738616,0.9792370200157166,0.36474609375,36.83004846513925,0.9699954986572266,0.99462890625,28.214548306803845,0.972968578338623,1.86572265625,28.127517001436985,0.9733292460441589
q00_015,1.1934814453125,29.690279719405346,0.9738212674856186,1.59814453125,25.604318247716414,0.9791601896286011,0.36376953125,36.83004846513925,0.9699954986572266,0.9716796875,28.221131770817767,0.972970187664032,1.84033203125,28.105620393947962,0.9731591939926147
q00_014,1.175048828125,29.685364166393576,0.9737553149461746,1.5732421875,25.599483916274963,0.9790767431259155,0.36279296875,36.83004846513925,0.9699954986572266,0.94921875,28.23626712155309,0.9729640483856201,1.81494140625,28.07565716260701,0.9729849696159363
q00_013,1.1563720703125,29.685742723612773,0.9737676084041595,1.54833984375,25.603400331986425,0.9790784120559692,0.36181640625,36.83185655678127,0.9700290560722351,0.92578125,28.24726633834002,0.9730162024497986,1.78955078125,28.060447667343382,0.9729467630386353
q00_012,1.137451171875,29.686769132516773,0.9737393110990524,1.5234375,25.605536310518406,0.9791261553764343,0.3603515625,36.83501208561778,0.9700576066970825,0.90185546875,28.257663485904807,0.9730016589164734,1.76416015625,28.04886464802609,0.9727718234062195
q00_011,1.118408203125,29.683976467767334,0.9736801087856293,1.49853515625,25.609592856517924,0.9790396690368652,0.35888671875,36.834621482886796,0.9700286388397217,0.87744140625,28.26512335719893,0.9730188846588135,1.73876953125,28.02656817446568,0.9726332426071167
q00_010,1.0989990234375,29.684466831324748,0.973642572760582,1.4736328125,25.610396524289065,0.9790229797363281,0.35595703125,36.82883638375686,0.9699985980987549,0.85302734375,28.28033208543331,0.9730188250541687,1.71337890625,28.018302331819758,0.9725298881530762
q00_009,1.0792236328125,29.68577645913914,0.973601758480072,1.4482421875,25.6057524659808,0.9789193868637085,0.35205078125,36.8272687932827,0.9699925184249878,0.82861328125,28.302979726338982,0.9731044769287109,1.68798828125,28.00710485095407,0.9723906517028809
q00_008,1.058837890625,29.692227364186046,0.9735594093799591,1.4228515625,25.61793999439648,0.978879451751709,0.34619140625,36.829810894898365,0.9699351787567139,0.8037109375,28.32410073530621,0.973150908946991,1.66259765625,27.997057832143135,0.9722720980644226
q00_007,1.0377197265625,29.69587835226212,0.9734550714492798,1.3974609375,25.619841188306182,0.9788691997528076,0.33740234375,36.82459098104861,0.9696468114852905,0.77880859375,28.360205549433456,0.9732106924057007,1.63720703125,27.978875690260235,0.9720935821533203
q00_006,1.0157470703125,29.69577569123694,0.9732722193002701,1.3720703125,25.628128987850186,0.9789035320281982,0.3251953125,36.80763165928165,0.9690741896629333,0.75390625,28.38669732052527,0.973249614238739,1.61181640625,27.96064479729065,0.9718615412712097
q00_005,0.9925537109375,29.71461172446298,0.9731556475162506,1.3466796875,25.644403519718303,0.9788615107536316,0.30859375,36.85960344468833,0.9687766432762146,0.728515625,28.418849926380574,0.9732749462127686,1.58642578125,27.9355900070647,0.9717094898223877
q00_004,0.9683837890625,29.74225153025138,0.973075270652771,1.3212890625,25.671275599284982,0.9789212942123413,0.2880859375,36.92572575727243,0.9684044718742371,0.703125,28.46047666364628,0.9734634757041931,1.56103515625,27.911528100801828,0.9715118408203125
q00_003,0.9437255859375,29.74949033105926,0.9727382659912109,1.2958984375,25.667328842857454,0.9788728952407837,0.265625,36.97118092065394,0.9673080444335938,0.677734375,28.47092759089259,0.9734092950820923,1.53564453125,27.88852396983306,0.971362829208374
q00_002,0.918701171875,29.757001900489684,0.9723428934812546,1.2705078125,25.677158368599116,0.9787647128105164,0.24169921875,36.99423730670387,0.9661109447479248,0.65234375,28.488182709715257,0.9733618497848511,1.51025390625,27.868429216940488,0.9711340665817261
q00_001,0.8934326171875,29.740435506488474,0.9720392525196075,1.2451171875,25.684513320690346,0.9787615537643433,0.216796875,36.94734685591175,0.9652284383773804,0.626953125,28.49089926814209,0.9733932018280029,1.48486328125,27.838982581209706,0.9707738161087036
q01_048,0.8680419921875,29.736338970951078,0.9718477427959442,1.2197265625,25.710940190066243,0.978901743888855,0.19140625,36.93340969443614,0.9647313356399536,0.6015625,28.493678285525977,0.9733494520187378,1.45947265625,27.807327713775948,0.9704084396362305
q01_047,0.8668212890625,29.73588554574779,0.9718449711799622,1.21826171875,25.709941473964015,0.9788893461227417,0.1904296875,36.93341063020101,0.9647313952445984,0.6005859375,28.493678285525977,0.9733493328094482,1.4580078125,27.806511793300153,0.9704098105430603
q01_046,0.864990234375,29.734226892439345,0.9718350470066071,1.216796875,25.709411328872505,0.9788822531700134,0.189453125,36.93341063020101,0.9647315740585327,0.599609375,28.493678285525977,0.9733495116233826,1.4541015625,27.8004073251579,0.9703768491744995
q01_045,0.8616943359375,29.73052622381188,0.9718081206083298,1.21435546875,25.706726956923312,0.9788424372673035,0.1884765625,36.93341063020101,0.9647313952445984,0.59814453125,28.494889704638766,0.973361611366272,1.44580078125,27.78707760348442,0.9702970385551453
q01_044,0.8575439453125,29.725169245839844,0.9717957526445389,1.2109375,25.701250070162875,0.9787862300872803,0.1875,36.933410942122684,0.9647316336631775,0.5966796875,28.49608250869047,0.9734670519828796,1.43505859375,27.769933462383335,0.9701980948448181
q01_043,0.8531494140625,29.71783754335305,0.971743643283844,1.20751953125,25.69774570527608,0.978712260723114,0.1865234375,36.933410942122684,0.9647313952445984,0.59521484375,28.49527118037329,0.9734855890274048,1.42333984375,27.74492234564014,0.9700453281402588
q01_042,0.8480224609375,29.710691532873728,0.971710816025734,1.2021484375,25.693706179637434,0.978667676448822,0.185546875,36.933410942122684,0.9647314548492432,0.59423828125,28.49527153791078,0.9734854102134705,1.41015625,27.72037747182401,0.9699587225914001
q01_041,0.8419189453125,29.70025769213627,0.9716751277446747,1.19482421875,25.68495207897663,0.9785757064819336,0.1845703125,36.93341156596609,0.9647313952445984,0.59326171875,28.49628599029132,0.9734947085380554,1.39501953125,27.686381133311038,0.9698987007141113
q01_040,0.835693359375,29.69017958907248,0.9716066718101501,1.1875,25.675312609812085,0.9784190058708191,0.18359375,36.93341031827937,0.9647313952445984,0.59228515625,28.49596843442406,0.9734902381896973,1.37939453125,27.656026993774404,0.9697860479354858
q01_039,0.8289794921875,29.6797404568034,0.9715725034475327,1.17822265625,25.666772183762955,0.9783555865287781,0.1826171875,36.93341031827937,0.9647313356399536,0.59130859375,28.494906864964218,0.9734827876091003,1.36376953125,27.62387246020705,0.9697203040122986
q01_038,0.8218994140625,29.668251149543984,0.9715702831745148,1.16845703125,25.651025543119744,0.9782321453094482,0.181640625,36.93341063020101,0.9647316932678223,0.59033203125,28.49563195067288,0.9734885096549988,1.34716796875,27.592936474182295,0.9698287844657898
q01_037,0.8148193359375,29.653216101268395,0.9714990854263306,1.1591796875,25.63968221788356,0.9781403541564941,0.1806640625,36.93341063020101,0.9647315740585327,0.58935546875,28.495631593105713,0.9734885692596436,1.330078125,27.5441399638833,0.9696358442306519
q01_036,0.806884765625,29.63762736070563,0.9714365154504776,1.14697265625,25.616016785938513,0.9780111312866211,0.1796875,36.93873121652403,0.9647743105888367,0.58837890625,28.495996326914646,0.9734843969345093,1.3125,27.499765113445314,0.9694762229919434
q01_035,0.7987060546875,29.621028729743575,0.9714064449071884,1.13427734375,25.590529177882708,0.9778345823287964,0.1787109375,36.93873184113214,0.9647741317749023,0.58740234375,28.495288699745053,0.9734856486320496,1.29443359375,27.4595652002144,0.9695314168930054
q01_034,0.7900390625,29.602651414785193,0.9713068753480911,1.12109375,25.5679058953927,0.977679431438446,0.177734375,36.93873184113214,0.9647742509841919,0.58544921875,28.493643259843413,0.9734789133071899,1.27587890625,27.41032466277253,0.9692949056625366
q01_033,0.78076171875,29.581501358816375,0.9711999744176865,1.1064453125,25.539542866511226,0.9774733781814575,0.1767578125,36.93873184113214,0.9647743105888367,0.5830078125,28.493309457818867,0.973487377166748,1.2568359375,27.354421269803275,0.9690648317337036
q01_032,0.7716064453125,29.560137314842546,0.971076250076294,1.091796875,25.500031758107582,0.977301299571991,0.17578125,36.939542033471085,0.9647685885429382,0.5810546875,28.490980705429635,0.9733889102935791,1.23779296875,27.30999476236188,0.9688462018966675
q01_031,0.7618408203125,29.52924157822097,0.9708721488714218,1.076171875,25.4569667706798,0.9771314859390259,0.1748046875,36.941925387275624,0.9647787809371948,0.57861328125,28.4901528308221,0.9733669757843018,1.2177734375,27.227921324106354,0.9682113528251648
q01_030,0.7520751953125,29.499549906251627,0.9706221371889114,1.060546875,25.41469329856419,0.9768553972244263,0.173828125,36.93261218415822,0.9647512435913086,0.57568359375,28.491637260046016,0.9733602404594421,1.1982421875,27.159256882238086,0.9675216674804688
q01_029,0.7418212890625,29.46945894930018,0.9703902453184128,1.04345703125,25.3722246150898,0.9766449928283691,0.1728515625,36.93261218415822,0.9647509455680847,0.5732421875,28.493957071438775,0.9733554124832153,1.177734375,27.079041926513923,0.9668096303939819
q01_028,0.7310791015625,29.441241485751977,0.970222994685173,1.0263671875,25.32740173490774,0.9763285517692566,0.17138671875,36.93946987836943,0.9647728204727173,0.5693359375,28.494014617938785,0.9733389616012573,1.1572265625,27.004079711791956,0.9664516448974609
q01_027,0.72021484375,29.414073559809644,0.9700526297092438,1.0087890625,25.28038024393919,0.9761046767234802,0.17041015625,36.94089727274467,0.9647495150566101,0.56494140625,28.499874769253974,0.9733295440673828,1.13671875,26.935141953300736,0.966026782989502
q01_026,0.7088623046875,29.390532944005443,0.9698866605758667,0.99072265625,25.24186973857066,0.9759887456893921,0.1689453125,36.95346601662789,0.9648392200469971,0.5595703125,28.50101058737468,0.9733163714408875,1.1162109375,26.865785433448544,0.9654023051261902
q01_025,0.697265625,29.363724944087892,0.9696671068668365,0.97216796875,25.195475078762158,0.9756282567977905,0.16796875,36.96204471473017,0.9649168848991394,0.5537109375,28.50380217461458,0.9733616709709167,1.09521484375,26.79357780824466,0.9647616147994995
q01_024,0.6854248046875,29.336141339704895,0.9694310575723648,0.953125,25.15892068624708,0.9753463268280029,0.16650390625,36.95628973009162,0.9648093581199646,0.54833984375,28.504567802027626,0.973359227180481,1.07373046875,26.724787140453262,0.9642093181610107
q01_023,0.67333984375,29.30665445597954,0.9692287296056747,0.93408203125,25.112846472677237,0.975031852722168,0.1650390625,36.95106003678494,0.9647406935691833,0.5419921875,28.505037563520585,0.9733568429946899,1.05224609375,26.65767375093541,0.9637855291366577
q01_022,0.6610107421875,29.27038606005082,0.9690452218055725,0.9150390625,25.061228847532576,0.9747775793075562,0.1630859375,36.949093950172006,0.9649186134338379,0.53564453125,28.491950926720506,0.973236083984375,1.0302734375,26.57927051577819,0.963248610496521
q01_021,0.6483154296875,29.23891536058565,0.9689090400934219,0.89599609375,25.009444830264837,0.9745575785636902,0.1611328125,36.95166359944443,0.964934229850769,0.52783203125,28.494575110688167,0.9732433557510376,1.00830078125,26.49997790194515,0.9629009962081909
q01_020,0.6356201171875,29.210595846635634,0.9686702340841293,0.87646484375,24.965303054716685,0.974109411239624,0.15966796875,36.97825583754525,0.9650906324386597,0.51953125,28.478921771423966,0.9731563329696655,0.98681640625,26.419902722856627,0.9623245596885681
q01_019,0.6221923828125,29.17325540403747,0.9682852774858475,0.85595703125,24.906883715401168,0.9737209677696228,0.15771484375,36.976832811558204,0.964887797832489,0.51025390625,28.46898180650821,0.9730510711669922,0.96484375,26.34032328268229,0.9614812731742859
q01_018,0.608642578125,29.130125099495316,0.9678653329610825,0.8359375,24.838629842679865,0.973124623298645,0.15576171875,36.9503037442895,0.9646294116973877,0.50048828125,28.476017624171213,0.9728800654411316,0.9423828125,26.255549186840682,0.9608272314071655
q01_017,0.5946044921875,29.091201244268454,0.967488557100296,0.8154296875,24.77368211939634,0.9725689888000488,0.1533203125,36.920951963086914,0.964429497718811,0.48974609375,28.487148379077762,0.9729224443435669,0.919921875,26.183022515512803,0.9600332975387573
q01_016,0.5802001953125,29.055120594925945,0.9670959711074829,0.79443359375,24.716768093306413,0.9720394611358643,0.15087890625,36.91526201121346,0.9641746282577515,0.47802734375,28.48022955658012,0.972848653793335,0.8974609375,26.10822271860379,0.959321141242981
q01_015,0.5655517578125,29.015589379297573,0.9666489511728287,0.7734375,24.652290505094577,0.9715509414672852,0.14794921875,36.90198836336742,0.9640890955924988,0.4658203125,28.486547452610157,0.9726578593254089,0.875,26.021531196118133,0.9582979083061218
q01_014,0.5504150390625,28.973067868774827,0.9661697894334793,0.751953125,24.60321674228404,0.9712170958518982,0.14453125,36.87355580291352,0.9636279344558716,0.453125,28.465990894816834,0.9725059270858765,0.85205078125,25.949508035084907,0.957328200340271
q01_013,0.5350341796875,28.934945848770163,0.9656599164009094,0.72998046875,24.551317749314634,0.9708026647567749,0.14111328125,36.8519261190471,0.9631160497665405,0.43994140625,28.46389503838349,0.9722762107849121,0.8291015625,25.87264448833542,0.9564447402954102
q01_012,0.51953125,28.89902642166011,0.9652756601572037,0.70849609375,24.491735286118413,0.9705644845962524,0.13720703125,36.82406291665738,0.9630491733551025,0.42626953125,28.513884726046147,0.9721286296844482,0.80615234375,25.766422757818503,0.9553603529930115
q01_011,0.5040283203125,28.872221679337265,0.9648895263671875,0.68701171875,24.47561531822849,0.9704586267471313,0.13330078125,36.781153665758566,0.9625498056411743,0.41259765625,28.554281393216,0.9721839427947998,0.783203125,25.677836340145998,0.9543657302856445
q01_010,0.48828125,28.81008230025028,0.9640035033226013,0.6650390625,24.485268415471985,0.9701098799705505,0.12939453125,36.62275915717323,0.9608191847801208,0.3984375,28.542202871731917,0.971855103969574,0.76025390625,25.590098756623988,0.9532298445701599
q01_009,0.4725341796875,28.79520069111556,0.963677316904068,0.64306640625,24.50400277941351,0.9700256586074829,0.12548828125,36.62142676577725,0.96094810962677,0.38427734375,28.556079049187346,0.9717549681663513,0.7373046875,25.499294170084138,0.9519805312156677
q01_008,0.4564208984375,28.745755328302515,0.9627213180065155,0.62060546875,24.475640823489165,0.9692890048027039,0.12109375,36.50875081216001,0.959368109703064,0.36962890625,28.562735655357177,0.9717525243759155,0.71435546875,25.435894022203716,0.9504756331443787
q01_007,0.440185546875,28.722148528811942,0.9621831923723221,0.59814453125,24.4388391105999,0.9688701629638672,0.1162109375,36.49628982414574,0.9589259028434753,0.35498046875,28.605001852394754,0.971880316734314,0.69140625,25.348463328107375,0.9490563869476318
q01_006,0.423583984375,28.70671069711166,0.9617690443992615,0.5751953125,24.432074497830612,0.9685050845146179,0.111328125,36.40902000198859,0.9581137895584106,0.33935546875,28.692239647281276,0.9720649123191833,0.66845703125,25.293508641346158,0.948392391204834
q01_005,0.4068603515625,28.662757500164872,0.9611756354570389,0.55224609375,24.41169480738406,0.9681231379508972,0.1064453125,36.314193854188886,0.9577322006225586,0.32373046875,28.712097592693226,0.9718265533447266,0.64501953125,25.21304374639331,0.9470206499099731
q01_004,0.39013671875,28.60958686351772,0.9603547900915146,0.529296875,24.433289790411905,0.9677633047103882,0.1015625,36.21131380890046,0.9569868445396423,0.30810546875,28.669021801886853,0.971375584602356,0.62158203125,25.124722052871654,0.9452934265136719
q01_003,0.373291015625,28.554333427439374,0.9595467001199722,0.505859375,24.44536408344984,0.9672939777374268,0.0966796875,36.0313409934913,0.9557089805603027,0.29248046875,28.696576066496455,0.9711872339248657,0.59814453125,25.04405256631991,0.9439966082572937
q01_002,0.356201171875,28.52539403103033,0.9585411101579666,0.482421875,24.500323765234853,0.9673336744308472,0.091796875,35.88338482328278,0.953863799571991,0.2763671875,28.76287854836295,0.9712790250778198,0.57421875,24.95498898724074,0.9416879415512085
q01_001,0.339111328125,28.475839226834065,0.9571625143289566,0.458984375,24.529433766659995,0.9668692350387573,0.0869140625,35.71128152721417,0.9511911273002625,0.26025390625,28.78869311456794,0.971001148223877,0.55029296875,24.873948498894162,0.9395885467529297
q02_032,0.324462890625,28.39777557568378,0.956108495593071,0.43603515625,24.47158680109785,0.9654480814933777,0.0849609375,35.662385910384266,0.9510726928710938,0.25,28.688718300553994,0.9703664779663086,0.52685546875,24.768411290699017,0.9375467300415039
q02_031,0.323486328125,28.397315569287223,0.9561074078083038,0.43505859375,24.46974770662593,0.965444028377533,0.083984375,35.66238497926995,0.9510723948478699,0.2490234375,28.688718300553994,0.9703664779663086,0.52587890625,24.768411290699017,0.9375467300415039
q02_030,0.322509765625,28.39710566487983,0.956104964017868,0.43408203125,24.46974770662593,0.9654440879821777,0.0830078125,35.662384513712865,0.9510726928710938,0.248046875,28.687879148481507,0.9703563451766968,0.52490234375,24.768411290699017,0.9375467300415039
q02_029,0.3212890625,28.39682962690566,0.9561107456684113,0.4326171875,24.46612303389436,0.9654247164726257,0.08203125,35.66238544482708,0.9510729312896729,0.2470703125,28.690087083074726,0.9703690409660339,0.5234375,24.768722945826468,0.9375762939453125
q02_028,0.320068359375,28.396091259978938,0.9561067670583725,0.431640625,24.46612303389436,0.9654247760772705,0.0810546875,35.662384513712865,0.9510723948478699,0.24609375,28.689267481598822,0.9703550338745117,0.521484375,24.766590010709713,0.9375748634338379
q02_027,0.3189697265625,28.39596993061025,0.956095963716507,0.4306640625,24.464506160540843,0.9654219150543213,0.080078125,35.662384513712865,0.9510726928710938,0.2451171875,28.692393415976554,0.970374584197998,0.52001953125,24.76459563221073,0.9375146627426147
q02_026,0.3177490234375,28.39395074592692,0.9560699462890625,0.42919921875,24.459516281509867,0.965371310710907,0.0791015625,35.662384513712865,0.9510728120803833,0.244140625,28.692393415976554,0.9703747630119324,0.5185546875,24.761508772508396,0.9374608993530273
q02_025,0.316162109375,28.391606809241022,0.9560455828905106,0.42724609375,24.453047555227485,0.9653595685958862,0.078125,35.662384513712865,0.9510726928710938,0.2431640625,28.692506033486993,0.9702975153923035,0.51611328125,24.758489134536745,0.9374525547027588
q02_024,0.3143310546875,28.38793935525101,0.9560066908597946,0.4248046875,24.43726550732319,0.9652940630912781,0.0771484375,35.66238497926995,0.9510731101036072,0.2412109375,28.69999510086169,0.970324695110321,0.51416015625,24.752111833549204,0.9373348951339722
q02_023,0.31201171875,28.384967785741722,0.9559777081012726,0.42236328125,24.427847614724026,0.9652527570724487,0.076171875,35.66238544482708,0.951072633266449,0.23974609375,28.709783028701096,0.9704254865646362,0.509765625,24.73985505471468,0.9371599555015564
q02_022,0.3096923828125,28.375086079093037,0.9559091031551361,0.42041015625,24.422516389232317,0.9652316570281982,0.0751953125,35.662384513712865,0.9510728120803833,0.23779296875,28.69586382551125,0.9702988862991333,0.50537109375,24.719579587915725,0.9370330572128296
q02_021,0.3067626953125,28.360523051341232,0.9557222127914429,0.41748046875,24.402963051060723,0.9651044607162476,0.07421875,35.66238497926995,0.9510726928710938,0.2353515625,28.67825190981044,0.9699728488922119,0.5,24.698492265223813,0.9367388486862183
q02_020,0.3035888671875,28.351917086139792,0.9555934071540833,0.4140625,24.382275110865965,0.9649917483329773,0.0732421875,35.662384513712865,0.9510728716850281,0.2333984375,28.688598678768177,0.97002112865448,0.49365234375,24.674410041212177,0.9362878799438477
q02_019,0.300048828125,28.338550677110256,0.9554183036088943,0.41015625,24.35786993929831,0.9648360013961792,0.072265625,35.662385910384266,0.9510726928710938,0.2314453125,28.690584827156744,0.9700226783752441,0.486328125,24.643362031601697,0.9357418417930603
q02_018,0.296142578125,28.318511718844274,0.9552584737539291,0.40625,24.340412318674517,0.9647750854492188,0.0712890625,35.65953437772518,0.951037585735321,0.22900390625,28.667828539558528,0.9699363708496094,0.47802734375,24.606271639418868,0.9352848529815674
q02_017,0.2916259765625,28.292849363355145,0.9550299346446991,0.4013671875,24.31126803947048,0.9647683501243591,0.0703125,35.66273136757111,0.9510663747787476,0.22607421875,28.64158135053252,0.9697483777999878,0.46875,24.55581669584648,0.9345366358757019
q02_016,0.2872314453125,28.267358033244466,0.9547024965286255,0.39697265625,24.2766899900167,0.9645153880119324,0.0693359375,35.66482145738333,0.9510596990585327,0.22314453125,28.625226148064055,0.9696049094200134,0.45947265625,24.50269453751378,0.9336299896240234
q02_015,0.2816162109375,28.234107023085055,0.9544398784637451,0.39111328125,24.230011815471805,0.9643570184707642,0.068359375,35.65573539923905,0.9508645534515381,0.21875,28.620424895237658,0.9694931507110596,0.4482421875,24.430255982391714,0.9330447912216187
q02_014,0.275390625,28.177298774736663,0.9537415206432343,0.38525390625,24.16138550288479,0.9637290835380554,0.0673828125,35.64497920523427,0.9506477117538452,0.2138671875,28.5657412735355,0.9691130518913269,0.43505859375,24.337089117292102,0.9314762353897095
q02_013,0.26806640625,28.09410438985151,0.953263595700264,0.37841796875,24.104438099297457,0.9636040925979614,0.06591796875,35.61461297246025,0.9509026408195496,0.20751953125,28.424813489975236,0.968501091003418,0.42041015625,24.232552997673103,0.930046558380127
q02_012,0.259765625,27.998225613969403,0.9526804238557816,0.36962890625,24.044754238797182,0.9633579254150391,0.064453125,35.53631613303776,0.9513134956359863,0.201171875,28.305531501399287,0.9680579900741577,0.40380859375,24.10630058264339,0.9279922842979431
q02_011,0.2509765625,27.899611238607978,0.9516506046056747,0.35986328125,23.96503168354197,0.9626170992851257,0.06298828125,35.41045057293648,0.9505555033683777,0.1943359375,28.235636606463252,0.9677847623825073,0.38671875,23.9873260914902,0.9256450533866882
q02_010,0.2412109375,27.790943930161546,0.9502779096364975,0.3486328125,23.89362900334131,0.9619381427764893,0.0615234375,35.316755023605054,0.950067937374115,0.18701171875,28.114653950549638,0.9667507410049438,0.36767578125,23.838737743150176,0.9223548173904419
q02_009,0.2303466796875,27.680201104770845,0.9488962888717651,0.33544921875,23.741352067546355,0.9604730010032654,0.0595703125,35.23076790718108,0.9499577283859253,0.17822265625,28.06516194567051,0.9657027125358582,0.34814453125,23.683522498685434,0.9194517135620117
q02_008,0.21826171875,27.55115812081726,0.9465104192495346,0.31982421875,23.612385268085532,0.9584324359893799,0.0576171875,35.08907527912128,0.9484355449676514,0.16943359375,27.993949180414557,0.964688241481781,0.326171875,23.509222755647667,0.9144854545593262
q02_007,0.205078125,27.3954972254827,0.943651556968689,0.3017578125,23.489373529697275,0.9557516574859619,0.0556640625,34.93529974730491,0.9474431872367859,0.15966796875,27.8295752053645,0.9632920026779175,0.30322265625,23.32774041956413,0.9081193804740906
q02_006,0.1907958984375,27.15741624955432,0.939629465341568,0.2822265625,23.320808091438412,0.9523953199386597,0.05322265625,34.70899075703044,0.9442539215087891,0.14892578125,27.495002638035558,0.9606970548629761,0.27880859375,23.104863511712868,0.9011715650558472
q02_005,0.1756591796875,26.806419518229706,0.9338747560977936,0.2607421875,23.166520301989152,0.9488053321838379,0.05078125,34.0979924561198,0.9377573728561401,0.13818359375,27.124333815769187,0.9558485746383667,0.2529296875,22.836831499040684,0.8930877447128296
q02_004,0.158935546875,26.467276640905407,0.9268016368150711,0.236328125,23.016180147508557,0.9438578486442566,0.0478515625,33.66034694283845,0.9335324168205261,0.12646484375,26.662393298606162,0.9494711756706238,0.22509765625,22.530186174668458,0.8803451061248779
q02_003,0.141357421875,26.15645969297521,0.9193190336227417,0.21044921875,22.915698961839787,0.9384365081787109,0.044921875,33.33573410412861,0.9276546239852905,0.1142578125,26.139800313549493,0.9417275786399841,0.19580078125,22.234605392382953,0.8694574236869812
q02_002,0.1229248046875,25.814870359563994,0.910281240940094,0.18310546875,22.74130451448309,0.9338852763175964,0.0419921875,32.92189156834452,0.9211840033531189,0.1015625,25.699470300292848,0.9334644079208374,0.1650390625,21.896815055135516,0.8525912761688232
q02_001,0.103271484375,25.288258560997054,0.894821435213089,0.15380859375,22.469797906270333,0.925355076789856,0.03857421875,32.093125324635785,0.9070770144462585,0.08837890625,25.147248388732173,0.9201070070266724,0.13232421875,21.442862624349925,0.8267466425895691
q03_016,0.0892333984375,25.03010494481584,0.8833960741758347,0.134765625,22.18283806062749,0.915824830532074,0.03759765625,32.07353631108485,0.9068840742111206,0.08251953125,24.89429525238588,0.9155609011650085,0.10205078125,20.969750155165148,0.7953144907951355
q03_015,0.0882568359375,25.030105028391205,0.8833960294723511,0.1337890625,22.182838394928947,0.9158246517181396,0.03662109375,32.07353631108485,0.9068841338157654,0.08154296875,24.89429525238588,0.9155608415603638,0.10107421875,20.969750155165148,0.7953144907951355
q03_014,0.0872802734375,25.030017760909388,0.8833969533443451,0.1328125,22.182489732492723,0.9158282279968262,0.03564453125,32.07353590359381,0.9068841934204102,0.08056640625,24.89429525238588,0.9155608415603638,0.10009765625,20.969750155165148,0.7953145503997803
q03_013,0.0863037109375,25.02707060229703,0.8833348155021667,0.1318359375,22.17070150553429,0.9155799150466919,0.03466796875,32.0735354961028,0.9068840742111206,0.07958984375,24.89429525238588,0.9155608415603638,0.09912109375,20.969750155165148,0.7953144311904907
q03_012,0.085205078125,25.020620607631457,0.8830984532833099,0.130859375,22.17070150553429,0.9155799746513367,0.03369140625,32.07353631108485,0.9068838953971863,0.078125,24.868494458741548,0.9146153926849365,0.09814453125,20.969750155165148,0.7953145503997803
q03_011,0.084228515625,25.01571452512741,0.8828754127025604,0.1298828125,22.166559044249677,0.9149655103683472,0.03271484375,32.07353671857594,0.9068840742111206,0.0771484375,24.85301218251888,0.9143375158309937,0.09716796875,20.969750155165148,0.7953145503997803
q03_010,0.0831298828125,25.010278137741615,0.882736474275589,0.12841796875,22.154239005377796,0.914841890335083,0.03173828125,32.07353590359381,0.9068838953971863,0.076171875,24.843587486829705,0.9139055609703064,0.09619140625,20.969750155165148,0.7953145503997803
q03_009,0.081787109375,24.991695589693343,0.8823733329772949,0.12646484375,22.099932054876685,0.9137554168701172,0.03076171875,32.07353590359381,0.906883955001831,0.07470703125,24.824451589531385,0.9135879278182983,0.09521484375,20.968862810771498,0.7952660322189331
q03_008,0.080322265625,24.962314895706413,0.8817893415689468,0.12451171875,22.06414768521842,0.9134382009506226,0.02978515625,32.07353590359381,0.9068838953971863,0.07275390625,24.74271318324194,0.911569356918335,0.09423828125,20.968862810771498,0.7952659130096436
q03_007,0.0787353515625,24.91932941318533,0.88058140873909,0.1220703125,21.982567617933256,0.9127849340438843,0.02880859375,32.026244200098375,0.9040298461914062,0.0712890625,24.706794817857784,0.9105911254882812,0.0927734375,20.961711016851915,0.7949197292327881
q03_006,0.076171875,24.8094236212913,0.8767619580030441,0.11962890625,21.923896925543673,0.911231517791748,0.02783203125,31.954577018909283,0.9033362865447998,0.06787109375,24.43870057915825,0.9007887244224548,0.08935546875,20.920519961553993,0.7916913032531738
q03_005,0.0726318359375,24.59117629102139,0.8717415183782578,0.115234375,21.773356775233136,0.9083847403526306,0.0263671875,31.68250874684277,0.8997024297714233,0.06396484375,24.051415698272855,0.8905107975006104,0.0849609375,20.85742394373679,0.7883681058883667
q03_004,0.067626953125,24.238862989336077,0.8607226014137268,0.1083984375,21.511933669829467,0.902614951133728,0.02490234375,31.22166844548435,0.8911468982696533,0.05810546875,23.447167632514944,0.8683561682701111,0.0791015625,20.77468220951554,0.7807723879814148
q03_003,0.06005859375,23.68980103075122,0.8443998247385025,0.0966796875,21.044848239695426,0.8899637460708618,0.02294921875,30.504725292450278,0.8784548044204712,0.05126953125,22.65749984644525,0.8417965769767761,0.0693359375,20.552130744413937,0.7673841714859009
q03_002,0.04931640625,22.724067541394774,0.8083262145519257,0.078125,19.82592182294571,0.8528860807418823,0.02099609375,29.151601706931753,0.8542103171348572,0.04296875,21.77298777004379,0.7934319376945496,0.05517578125,20.14575886565786,0.7327765226364136
q03_001,0.0360107421875,21.60147655454041,0.7378089874982834,0.0576171875,18.098758637817095,0.7684265971183777,0.01953125,28.717386640553517,0.8499714732170105,0.033203125,20.428383178140166,0.7035371661186218,0.03369140625,19.161377761650865,0.6293007135391235
q04_016,0.0289306640625,20.791422632203624,0.6839458495378494,0.04638671875,17.264238188699583,0.7201949954032898,0.0185546875,28.19947229551996,0.8417851328849792,0.02734375,19.33707761366097,0.652878999710083,0.0234375,18.364902430933977,0.5209242701530457
q04_015,0.0279541015625,20.791422982917,0.6839457601308823,0.04541015625,17.264238619561667,0.7201949954032898,0.017578125,28.19947229551996,0.8417848348617554,0.0263671875,19.337078308080994,0.652878999710083,0.0224609375,18.364902708505365,0.5209242105484009
q04_014,0.0269775390625,20.79142270159647,0.6839457452297211,0.04443359375,17.264238188699583,0.7201949954032898,0.0166015625,28.19947229551996,0.8417847156524658,0.025390625,19.33707761366097,0.6528790593147278,0.021484375,18.364902708505365,0.5209242105484009
q04_013,0.0260009765625,20.78708490854213,0.6837142556905746,0.04345703125,17.246886322062206,0.7192689776420593,0.015625,28.19947229551996,0.8417848944664001,0.0244140625,19.337078308080994,0.6528789401054382,0.0205078125,18.364902708505365,0.5209242105484009
q04_012,0.0250244140625,20.783623623575323,0.6835479438304901,0.04248046875,17.233040627052134,0.7186035513877869,0.0146484375,28.19947229551996,0.8417851328849792,0.0234375,19.337078308080994,0.6528788208961487,0.01953125,18.364903263648195,0.5209242701530457
q04_011,0.0240478515625,20.77509798558327,0.6830148994922638,0.04150390625,17.21566060547656,0.7175239324569702,0.013671875,28.19947229551996,0.8417849540710449,0.0224609375,19.337078308080994,0.6528791189193726,0.0185546875,18.34818073325556,0.5198715925216675
q04_010,0.0230712890625,20.76204003093607,0.6816693544387817,0.04052734375,17.190725451621805,0.7158050537109375,0.0126953125,28.199471627527366,0.8417848348617554,0.021484375,19.309782587844243,0.649215817451477,0.017578125,18.348180456750875,0.519871711730957
q04_009,0.0218505859375,20.736150758705826,0.6794151812791824,0.03857421875,17.10320834899505,0.7091871500015259,0.01171875,28.199471627527366,0.8417847156524658,0.0205078125,19.29374260155002,0.6468172073364258,0.0166015625,18.348180456750875,0.5198716521263123
q04_008,0.0203857421875,20.67755292843163,0.6743826568126678,0.03564453125,16.916524856319832,0.6953229308128357,0.0107421875,28.19947229551996,0.841784656047821,0.01953125,19.256542936612774,0.6416198015213013,0.015625,18.33767162527395,0.5188032388687134
q04_007,0.0186767578125,20.594594180836403,0.6657504737377167,0.0322265625,16.70034832751899,0.6748625636100769,0.009765625,28.199471627527366,0.841784656047821,0.01806640625,19.147200237561023,0.6279568672180176,0.0146484375,18.33135653073824,0.5183978080749512
q04_006,0.0172119140625,20.479375822013367,0.6528241485357285,0.029296875,16.350526359138993,0.6387705206871033,0.0087890625,28.19947229551996,0.8417849540710449,0.01708984375,19.052571807756788,0.6138967275619507,0.013671875,18.314932825637733,0.5168443918228149
q04_005,0.014892578125,20.26006554987776,0.6257019937038422,0.02392578125,15.722498759240057,0.5734875202178955,0.0078125,28.199471627527366,0.8417851328849792,0.01513671875,18.80837013242151,0.572657585144043,0.0126953125,18.309921680322102,0.5148777365684509
q04_004,0.0125732421875,20.03155965385804,0.5929177552461624,0.01904296875,15.129765771863324,0.4903295636177063,0.0068359375,28.19947229551996,0.8417847156524658,0.01318359375,18.55092819288531,0.5366625785827637,0.01123046875,18.246072355163562,0.5028941631317139
q04_003,0.009765625,19.69152907528713,0.5445931255817413,0.01318359375,14.46177594715505,0.3914520740509033,0.005859375,28.19947229551996,0.8417848944664001,0.0107421875,17.985543676770238,0.4621744155883789,0.00927734375,18.119324381703272,0.48296111822128296
q04_002,0.0072021484375,19.239901556330253,0.4902166426181793,0.00927734375,13.963165279729425,0.32614272832870483,0.0048828125,28.19947229551996,0.8417845964431763,0.00830078125,17.280170063499398,0.4057844877243042,0.00634765625,17.51679858657223,0.387154757976532
q04_001,0.004638671875,18.610802927701446,0.4492037296295166,0.00537109375,13.628127685963495,0.2778128981590271,0.00390625,28.012637435327594,0.8325254917144775,0.00537109375,16.251543745490334,0.33510589599609375,0.00390625,16.550902844024364,0.351370632648468
q05_003,0.00341796875,18.556284275798603,0.4442681223154068,0.00390625,13.535432378350063,0.2733091711997986,0.0029296875,28.01263839512484,0.8325254917144775,0.00390625,16.126163485695137,0.3198671340942383,0.0029296875,16.550902844024364,0.3513706922531128
q05_002,0.00244140625,18.556284207123333,0.4442681521177292,0.0029296875,13.535432743513837,0.2733091115951538,0.001953125,28.012637755259988,0.8325257301330566,0.0029296875,16.126163485695137,0.3198671340942383,0.001953125,16.550902844024364,0.351370632648468
q05_001,0.00146484375,18.556283612804847,0.444268137216568,0.001953125,13.535432743513837,0.27330923080444336,0.0009765625,28.012637435327594,0.8325256109237671,0.001953125,16.126162159551058,0.3198671340942383,0.0009765625,16.550902112826897,0.35137057304382324
q06,0.00048828125,7.415399057302244,0.14829406887292862,0.0009765625,13.535432743513837,0.27330920100212097,0.0,0.0,0.0,0.0009765625,16.126163485695137,0.3198670744895935,0.0,0.0,0.0
